{
  "Andorra": {
    "precision": 1.0,
    "recall": 0.4,
    "f1-score": 0.5714285714285714,
    "support": 30.0
  },
  "Argentina": {
    "precision": 0.36,
    "recall": 0.32142857142857145,
    "f1-score": 0.33962264150943394,
    "support": 28.0
  },
  "Australia": {
    "precision": 0.44,
    "recall": 0.8148148148148148,
    "f1-score": 0.5714285714285714,
    "support": 27.0
  },
  "Bangladesh": {
    "precision": 0.8461538461538461,
    "recall": 0.5641025641025641,
    "f1-score": 0.676923076923077,
    "support": 39.0
  },
  "Belgium": {
    "precision": 0.19469026548672566,
    "recall": 0.7096774193548387,
    "f1-score": 0.3055555555555556,
    "support": 31.0
  },
  "Bhutan": {
    "precision": 0.7619047619047619,
    "recall": 0.64,
    "f1-score": 0.6956521739130435,
    "support": 25.0
  },
  "Botswana": {
    "precision": 0.7058823529411765,
    "recall": 0.4,
    "f1-score": 0.5106382978723404,
    "support": 30.0
  },
  "Brazil": {
    "precision": 0.5294117647058824,
    "recall": 0.42857142857142855,
    "f1-score": 0.47368421052631576,
    "support": 21.0
  },
  "Bulgaria": {
    "precision": 0.38461538461538464,
    "recall": 0.14705882352941177,
    "f1-score": 0.2127659574468085,
    "support": 34.0
  },
  "Cambodia": {
    "precision": 0.7058823529411765,
    "recall": 0.3157894736842105,
    "f1-score": 0.43636363636363634,
    "support": 38.0
  },
  "Canada": {
    "precision": 0.5853658536585366,
    "recall": 0.6666666666666666,
    "f1-score": 0.6233766233766234,
    "support": 36.0
  },
  "Chile": {
    "precision": 0.34285714285714286,
    "recall": 0.48,
    "f1-score": 0.4,
    "support": 25.0
  },
  "Colombia": {
    "precision": 0.38095238095238093,
    "recall": 0.36363636363636365,
    "f1-score": 0.37209302325581395,
    "support": 22.0
  },
  "Croatia": {
    "precision": 0.5,
    "recall": 0.2647058823529412,
    "f1-score": 0.34615384615384615,
    "support": 34.0
  },
  "Czech Republic": {
    "precision": 0.058823529411764705,
    "recall": 0.05,
    "f1-score": 0.05405405405405406,
    "support": 20.0
  },
  "Denmark": {
    "precision": 0.8571428571428571,
    "recall": 0.20689655172413793,
    "f1-score": 0.3333333333333333,
    "support": 29.0
  },
  "Estonia": {
    "precision": 0.15,
    "recall": 0.15,
    "f1-score": 0.15,
    "support": 20.0
  },
  "Finland": {
    "precision": 0.23232323232323232,
    "recall": 0.7931034482758621,
    "f1-score": 0.359375,
    "support": 29.0
  },
  "France": {
    "precision": 0.3333333333333333,
    "recall": 0.3225806451612903,
    "f1-score": 0.32786885245901637,
    "support": 31.0
  },
  "Germany": {
    "precision": 0.5555555555555556,
    "recall": 0.7407407407407407,
    "f1-score": 0.6349206349206349,
    "support": 27.0
  },
  "Greece": {
    "precision": 0.625,
    "recall": 0.22727272727272727,
    "f1-score": 0.3333333333333333,
    "support": 22.0
  },
  "Hong Kong": {
    "precision": 0.75,
    "recall": 0.225,
    "f1-score": 0.34615384615384615,
    "support": 40.0
  },
  "Hungary": {
    "precision": 0.47368421052631576,
    "recall": 0.23076923076923078,
    "f1-score": 0.3103448275862069,
    "support": 39.0
  },
  "Iceland": {
    "precision": 0.8823529411764706,
    "recall": 0.7142857142857143,
    "f1-score": 0.7894736842105263,
    "support": 21.0
  },
  "Indonesia": {
    "precision": 0.35294117647058826,
    "recall": 0.5,
    "f1-score": 0.41379310344827586,
    "support": 24.0
  },
  "Ireland": {
    "precision": 0.6818181818181818,
    "recall": 0.8571428571428571,
    "f1-score": 0.759493670886076,
    "support": 35.0
  },
  "Israel": {
    "precision": 0.9583333333333334,
    "recall": 0.7666666666666667,
    "f1-score": 0.8518518518518519,
    "support": 30.0
  },
  "Italy": {
    "precision": 0.4,
    "recall": 0.34285714285714286,
    "f1-score": 0.36923076923076925,
    "support": 35.0
  },
  "Japan": {
    "precision": 0.5,
    "recall": 0.25,
    "f1-score": 0.3333333333333333,
    "support": 32.0
  },
  "Korea": {
    "precision": 0.8571428571428571,
    "recall": 0.5806451612903226,
    "f1-score": 0.6923076923076923,
    "support": 31.0
  },
  "Latvia": {
    "precision": 0.07692307692307693,
    "recall": 0.029411764705882353,
    "f1-score": 0.0425531914893617,
    "support": 34.0
  },
  "Lithuania": {
    "precision": 0.11764705882352941,
    "recall": 0.05555555555555555,
    "f1-score": 0.07547169811320754,
    "support": 36.0
  },
  "Malaysia": {
    "precision": 0.22857142857142856,
    "recall": 0.5161290322580645,
    "f1-score": 0.31683168316831684,
    "support": 31.0
  },
  "Mexico": {
    "precision": 0.48,
    "recall": 0.5714285714285714,
    "f1-score": 0.5217391304347826,
    "support": 21.0
  },
  "Netherlands": {
    "precision": 0.7777777777777778,
    "recall": 0.4,
    "f1-score": 0.5283018867924528,
    "support": 35.0
  },
  "New Zealand": {
    "precision": 0.3972602739726027,
    "recall": 0.8055555555555556,
    "f1-score": 0.5321100917431193,
    "support": 36.0
  },
  "Norway": {
    "precision": 0.5454545454545454,
    "recall": 0.6857142857142857,
    "f1-score": 0.6075949367088608,
    "support": 35.0
  },
  "Peru": {
    "precision": 1.0,
    "recall": 0.1891891891891892,
    "f1-score": 0.3181818181818182,
    "support": 37.0
  },
  "Poland": {
    "precision": 0.46153846153846156,
    "recall": 0.1875,
    "f1-score": 0.26666666666666666,
    "support": 32.0
  },
  "Portugal": {
    "precision": 0.38461538461538464,
    "recall": 0.5555555555555556,
    "f1-score": 0.45454545454545453,
    "support": 18.0
  },
  "Romania": {
    "precision": 0.3333333333333333,
    "recall": 0.24242424242424243,
    "f1-score": 0.2807017543859649,
    "support": 33.0
  },
  "Russian Federation": {
    "precision": 0.1532258064516129,
    "recall": 0.6129032258064516,
    "f1-score": 0.24516129032258063,
    "support": 31.0
  },
  "Singapore": {
    "precision": 0.7,
    "recall": 0.2413793103448276,
    "f1-score": 0.358974358974359,
    "support": 29.0
  },
  "Slovakia": {
    "precision": 0.07407407407407407,
    "recall": 0.07142857142857142,
    "f1-score": 0.07272727272727272,
    "support": 28.0
  },
  "Slovenia": {
    "precision": 0.4,
    "recall": 0.2222222222222222,
    "f1-score": 0.2857142857142857,
    "support": 27.0
  },
  "South Africa": {
    "precision": 0.6111111111111112,
    "recall": 0.8461538461538461,
    "f1-score": 0.7096774193548387,
    "support": 39.0
  },
  "Spain": {
    "precision": 0.3181818181818182,
    "recall": 0.6086956521739131,
    "f1-score": 0.417910447761194,
    "support": 23.0
  },
  "Swaziland": {
    "precision": 0.6111111111111112,
    "recall": 0.5,
    "f1-score": 0.55,
    "support": 22.0
  },
  "Sweden": {
    "precision": 0.0625,
    "recall": 0.05555555555555555,
    "f1-score": 0.058823529411764705,
    "support": 18.0
  },
  "Switzerland": {
    "precision": 0.36363636363636365,
    "recall": 0.34285714285714286,
    "f1-score": 0.35294117647058826,
    "support": 35.0
  },
  "Taiwan": {
    "precision": 0.4375,
    "recall": 0.2413793103448276,
    "f1-score": 0.3111111111111111,
    "support": 29.0
  },
  "Thailand": {
    "precision": 0.5,
    "recall": 0.14285714285714285,
    "f1-score": 0.2222222222222222,
    "support": 21.0
  },
  "Ukraine": {
    "precision": 0.125,
    "recall": 0.041666666666666664,
    "f1-score": 0.0625,
    "support": 24.0
  },
  "United Arab Emirates": {
    "precision": 0.96,
    "recall": 0.7272727272727273,
    "f1-score": 0.8275862068965517,
    "support": 33.0
  },
  "United Kingdom": {
    "precision": 0.5454545454545454,
    "recall": 0.6206896551724138,
    "f1-score": 0.5806451612903226,
    "support": 29.0
  },
  "United States": {
    "precision": 0.48484848484848486,
    "recall": 0.5161290322580645,
    "f1-score": 0.5,
    "support": 31.0
  },
  "accuracy": 0.42433414043583534,
  "macro avg": {
    "precision": 0.4920702137559065,
    "recall": 0.41971547692553174,