{
  "Andorra": {
    "precision": 0.5272727272727272,
    "recall": 0.9666666666666667,
    "f1-score": 0.6823529411764706,
    "support": 30.0
  },
  "Argentina": {
    "precision": 0.7894736842105263,
    "recall": 0.5357142857142857,
    "f1-score": 0.6382978723404256,
    "support": 28.0
  },
  "Australia": {
    "precision": 0.7333333333333333,
    "recall": 0.8148148148148148,
    "f1-score": 0.7719298245614035,
    "support": 27.0
  },
  "Bangladesh": {
    "precision": 0.868421052631579,
    "recall": 0.8461538461538461,
    "f1-score": 0.8571428571428571,
    "support": 39.0
  },
  "Belgium": {
    "precision": 0.3698630136986301,
    "recall": 0.8709677419354839,
    "f1-score": 0.5192307692307693,
    "support": 31.0
  },
  "Bhutan": {
    "precision": 0.41509433962264153,
    "recall": 0.88,
    "f1-score": 0.5641025641025641,
    "support": 25.0
  },
  "Botswana": {
    "precision": 0.7368421052631579,
    "recall": 0.4666666666666667,
    "f1-score": 0.5714285714285714,
    "support": 30.0
  },
  "Brazil": {
    "precision": 0.5238095238095238,
    "recall": 0.5238095238095238,
    "f1-score": 0.5238095238095238,
    "support": 21.0
  },
  "Bulgaria": {
    "precision": 0.5555555555555556,
    "recall": 0.29411764705882354,
    "f1-score": 0.38461538461538464,
    "support": 34.0
  },
  "Cambodia": {
    "precision": 0.6666666666666666,
    "recall": 0.6842105263157895,
    "f1-score": 0.6753246753246753,
    "support": 38.0
  },
  "Canada": {
    "precision": 0.8928571428571429,
    "recall": 0.6944444444444444,
    "f1-score": 0.78125,
    "support": 36.0
  },
  "Chile": {
    "precision": 0.3695652173913043,
    "recall": 0.68,
    "f1-score": 0.4788732394366197,
    "support": 25.0
  },
  "Colombia": {
    "precision": 0.875,
    "recall": 0.3181818181818182,
    "f1-score": 0.4666666666666667,
    "support": 22.0
  },
  "Croatia": {
    "precision": 0.8,
    "recall": 0.23529411764705882,
    "f1-score": 0.36363636363636365,
    "support": 34.0
  },
  "Czech Republic": {
    "precision": 0.125,
    "recall": 0.05,
    "f1-score": 0.07142857142857142,
    "support": 20.0
  },
  "Denmark": {
    "precision": 0.875,
    "recall": 0.2413793103448276,
    "f1-score": 0.3783783783783784,
    "support": 29.0
  },
  "Estonia": {
    "precision": 0.175,
    "recall": 0.35,
    "f1-score": 0.23333333333333334,
    "support": 20.0
  },
  "Finland": {
    "precision": 0.2717391304347826,
    "recall": 0.8620689655172413,
    "f1-score": 0.4132231404958678,
    "support": 29.0
  },
  "France": {
    "precision": 0.42857142857142855,
    "recall": 0.3870967741935484,
    "f1-score": 0.4067796610169492,
    "support": 31.0
  },
  "Germany": {
    "precision": 0.41379310344827586,
    "recall": 0.8888888888888888,
    "f1-score": 0.5647058823529412,
    "support": 27.0
  },
  "Greece": {
    "precision": 0.7,
    "recall": 0.3181818181818182,
    "f1-score": 0.4375,
    "support": 22.0
  },
  "Hong Kong": {
    "precision": 0.8333333333333334,
    "recall": 0.375,
    "f1-score": 0.5172413793103449,
    "support": 40.0
  },
  "Hungary": {
    "precision": 0.4117647058823529,
    "recall": 0.1794871794871795,
    "f1-score": 0.25,
    "support": 39.0
  },
  "Iceland": {
    "precision": 0.7916666666666666,
    "recall": 0.9047619047619048,
    "f1-score": 0.8444444444444444,
    "support": 21.0
  },
  "Indonesia": {
    "precision": 0.6428571428571429,
    "recall": 0.75,
    "f1-score": 0.6923076923076923,
    "support": 24.0
  },
  "Ireland": {
    "precision": 0.7674418604651163,
    "recall": 0.9428571428571428,
    "f1-score": 0.8461538461538461,
    "support": 35.0
  },
  "Israel": {
    "precision": 0.8529411764705882,
    "recall": 0.9666666666666667,
    "f1-score": 0.90625,
    "support": 30.0
  },
  "Italy": {
    "precision": 0.36065573770491804,
    "recall": 0.6285714285714286,
    "f1-score": 0.4583333333333333,
    "support": 35.0
  },
  "Japan": {
    "precision": 0.8888888888888888,
    "recall": 0.25,
    "f1-score": 0.3902439024390244,
    "support": 32.0
  },
  "Korea": {
    "precision": 0.8333333333333334,
    "recall": 0.8064516129032258,
    "f1-score": 0.819672131147541,
    "support": 31.0
  },
  "Latvia": {
    "precision": 0.14285714285714285,
    "recall": 0.029411764705882353,
    "f1-score": 0.04878048780487805,
    "support": 34.0
  },
  "Lithuania": {
    "precision": 0.0,
    "recall": 0.0,
    "f1-score": 0.0,
    "support": 36.0
  },
  "Malaysia": {
    "precision": 0.46875,
    "recall": 0.4838709677419355,
    "f1-score": 0.47619047619047616,
    "support": 31.0
  },
  "Mexico": {
    "precision": 0.56,
    "recall": 0.6666666666666666,
    "f1-score": 0.6086956521739131,
    "support": 21.0
  },
  "Netherlands": {
    "precision": 0.9130434782608695,
    "recall": 0.6,
    "f1-score": 0.7241379310344828,
    "support": 35.0
  },
  "New Zealand": {
    "precision": 0.92,
    "recall": 0.6388888888888888,
    "f1-score": 0.7540983606557377,
    "support": 36.0
  },
  "Norway": {
    "precision": 0.6296296296296297,
    "recall": 0.4857142857142857,
    "f1-score": 0.5483870967741935,
    "support": 35.0
  },
  "Peru": {
    "precision": 0.8333333333333334,
    "recall": 0.2702702702702703,
    "f1-score": 0.40816326530612246,
    "support": 37.0
  },
  "Poland": {
    "precision": 0.2714285714285714,
    "recall": 0.59375,
    "f1-score": 0.37254901960784315,
    "support": 32.0
  },
  "Portugal": {
    "precision": 0.35,
    "recall": 0.3888888888888889,
    "f1-score": 0.3684210526315789,
    "support": 18.0
  },
  "Romania": {
    "precision": 0.46875,
    "recall": 0.45454545454545453,
    "f1-score": 0.46153846153846156,
    "support": 33.0
  },
  "Russian Federation": {
    "precision": 0.6153846153846154,
    "recall": 0.25806451612903225,
    "f1-score": 0.36363636363636365,
    "support": 31.0
  },
  "Singapore": {
    "precision": 0.9473684210526315,
    "recall": 0.6206896551724138,
    "f1-score": 0.75,
    "support": 29.0
  },
  "Slovakia": {
    "precision": 0.0,
    "recall": 0.0,
    "f1-score": 0.0,
    "support": 28.0
  },
  "Slovenia": {
    "precision": 0.35135135135135137,
    "recall": 0.48148148148148145,
    "f1-score": 0.40625,
    "support": 27.0
  },
  "South Africa": {
    "precision": 0.7894736842105263,
    "recall": 0.7692307692307693,
    "f1-score": 0.7792207792207793,
    "support": 39.0
  },
  "Spain": {
    "precision": 0.42424242424242425,
    "recall": 0.6086956521739131,
    "f1-score": 0.5,
    "support": 23.0
  },
  "Swaziland": {
    "precision": 0.5142857142857142,
    "recall": 0.8181818181818182,
    "f1-score": 0.631578947368421,
    "support": 22.0
  },
  "Sweden": {
    "precision": 0.23529411764705882,
    "recall": 0.2222222222222222,
    "f1-score": 0.22857142857142856,
    "support": 18.0
  },
  "Switzerland": {
    "precision": 0.7647058823529411,
    "recall": 0.37142857142857144,
    "f1-score": 0.5,
    "support": 35.0
  },
  "Taiwan": {
    "precision": 0.4782608695652174,
    "recall": 0.7586206896551724,
    "f1-score": 0.5866666666666667,
    "support": 29.0
  },
  "Thailand": {
    "precision": 0.30434782608695654,
    "recall": 0.3333333333333333,
    "f1-score": 0.3181818181818182,
    "support": 21.0
  },
  "Ukraine": {
    "precision": 0.3103448275862069,
    "recall": 0.75,
    "f1-score": 0.43902439024390244,
    "support": 24.0
  },
  "United Arab Emirates": {
    "precision": 0.9032258064516129,
    "recall": 0.8484848484848485,
    "f1-score": 0.875,
    "support": 33.0
  },
  "United Kingdom": {
    "precision": 1.0,
    "recall": 0.6551724137931034,
    "f1-score": 0.7916666666666666,
    "support": 29.0
  },
  "United States": {
    "precision": 0.7307692307692307,
    "recall": 0.6129032258064516,
    "f1-score": 0.6666666666666666,
    "support": 31.0
  },
  "accuracy": 0.5435835351089588,
  "macro avg": {
    "precision": 0.5789747820868867,
    "recall": 0.5434458960053303,
    "f1-score": 0.5199300442956244,